삼성전자,삼성전자
SK하이닉스,SK하이닉스
현대차,현대차
POSCO,POSCO
현대모비스,현대모비스
한국전력,한국전력
SK텔레콤,SK텔레콤
LG,LG
삼성SDI,삼성SDI
KT&G,KT&G
기아차,기아차
S-Oil,S-Oil
삼성화재,삼성화재
롯데케미칼,롯데케미칼
아모레G,아모레G
우리은행,우리은행
카카오,카카오
기업은행,기업은행
고려아연,고려아연
삼성전기,삼성전기
KT,KT
현대제철,현대제철
코웨이,코웨이
한온시스템,한온시스템
한미사이언스,한미사이언스
현대중공업,현대중공업
미래에셋대우,미래에셋대우
한화케미칼,한화케미칼
롯데지주,롯데지주
CJ,CJ
효성,효성
DB손해보험,DB손해보험
현대건설,현대건설
KCC,KCC
NH투자증권,NH투자증권
한국가스공사,한국가스공사
에스원,에스원
현대해상,현대해상
OCI,OCI
한화,한화
삼성증권,삼성증권
대한항공,대한항공
금호석유,금호석유
삼성중공업,삼성중공업
호텔신라,호텔신라
CJ대한통운,CJ대한통운
현대산업,현대산업
대림산업,대림산업
메리츠종금증권,메리츠종금증권
신세계,신세계
동서,동서
오뚜기,오뚜기
삼성엔지니어링,삼성엔지니어링
유한양행,유한양행
녹십자,녹십자
LS,LS
제일기획,제일기획
두산,두산
GS건설,GS건설
농심,농심
LS산전,LS산전
영풍,영풍
한화테크윈,한화테크윈
쌍용양회,쌍용양회
현대미포조선,현대미포조선
롯데정밀화학,롯데정밀화학
SKC,SKC
녹십자홀딩스,녹십자홀딩스
한국타이어월드와이드,한국타이어월드와이드
하이트진로,하이트진로
영진약품,영진약품
오리온홀딩스,오리온홀딩스
대한유화,대한유화
SK네트웍스,SK네트웍스
현대그린푸드,현대그린푸드
태광산업,태광산업
한올바이오파마,한올바이오파마
현대엘리베이,현대엘리베이
부광약품,부광약품
SPC삼립,SPC삼립
동원시스템즈,동원시스템즈
넥센타이어,넥센타이어
LG상사,LG상사
삼양홀딩스,삼양홀딩스
동국제강,동국제강
세아베스틸,세아베스틸
롯데칠성,롯데칠성
한일시멘트,한일시멘트
아이에스동서,아이에스동서
AK홀딩스,AK홀딩스
대상,대상
JW중외제약,JW중외제약
한솔케미칼,한솔케미칼
동아쏘시오홀딩스,동아쏘시오홀딩스
에스엘,에스엘
일양약품,일양약품
한섬,한섬
쌍용차,쌍용차
한국단자,한국단자
고려제강,고려제강
세아제강,세아제강
롯데푸드,롯데푸드
빙그레,빙그레
신도리코,신도리코
SK디스커버리,SK디스커버리
무학,무학
DB하이텍,DB하이텍
남해화학,남해화학
세방전지,세방전지
남양유업,남양유업
한국쉘석유,한국쉘석유
대덕전자,대덕전자
SBS,SBS
동양,동양
광동제약,광동제약
보령제약,보령제약
팜스코,팜스코
경방,경방
한솔테크닉스,한솔테크닉스
